{"nodes":{"node:1":{"location":{"x":-1077,"y":-167}},"node:2":{"location":{"x":-750,"y":-157}}},"selection":null,"view":{"scroll":{"x":-1740.626953125,"y":-472.36016845703125},"visible_rect":{"max":{"x":122.373046875,"y":230.63983154296875},"min":{"x":-1740.626953125,"y":-472.36016845703125}},"zoom":1}}