{"nodes":{"node:1":{"location":{"x":-1082,"y":-199}},"node:2":{"location":{"x":-778,"y":-183}}},"selection":null,"view":{"scroll":{"x":-1802.196533203125,"y":-506.30633544921875},"visible_rect":{"max":{"x":60.803466796875,"y":196.69366455078125},"min":{"x":-1802.196533203125,"y":-506.30633544921875}},"zoom":1}}